{
  "__version__": "1.0.0",
  "options": {
    "android": {
      "packageName": "com.cocosgame.archero",
      "apiLevel": "android-27",
      "appABIs": [
        "arm64-v8a"
      ],
      "useDebugKeystore": true,
      "keystorePath": "",
      "keystorePassword": "",
      "keystoreAlias": "",
      "keystoreAliasPassword": "",
      "appBundle": false,
      "androidInstant": false,
      "remoteUrl": "",
      "orientation": {
        "portrait": true,
        "upsideDown": false,
        "landscapeRight": false,
        "landscapeLeft": false
      },
      "renderBackEnd": {
        "vulkan": false,
        "gles3": true,
        "gles2": false
      },
      "sdkPath": "/Users/buddy/Library/Android/sdk",
      "ndkPath": "/Users/buddy/Library/Android/sdk/ndk-bundle"
    }
  }
}
